criterion_id,basis,source_ref,status,disposition
development_marks_goal,user_goal_in_public_source,issue155_target,established,preserve
cheap_go_hints_goal,user_goal_in_public_source,issue155_target,established,preserve
inference_routing_excluded,user_goal_in_public_source,issue155_target,established,preserve
emoji_are_configurable_candidates,source_fact,issue155_target,established,native_mapping_pending
three_separately_judged_categorical_heads,source_fact,rubric_v2;model_heads_states,established,preserve
simultaneous_true_allowed,source_fact,rubric_v2,established,catalog_handling_pending
claim_true_not_fact_verified,source_fact,rubric_v2;model_package_contract,established,preserve
false_not_task_unfinished,source_fact,rubric_v2,established,preserve
completion_subtask_tentative_third_party,source_fact,rubric_v2,established,mark_meaning_pending
response_without_questionmark_possible,source_fact,rubric_v2,established,preserve
conflict_claims_preserved_corrections_respected,source_fact,rubric_v2,established,preserve
semantic_unknown_separate_from_abstention,source_fact,rubric_v2;model_headPrediction,established,preserve
scores_predict_text_only,source_fact,model_Scores_Predict,established,adapter_context_needed
numeric_gates_0_9_0_05,source_fact,rubric_v2;model_constants,established,preserve
existing_precision_support_cost_plan,source_fact,issue155_v4_plan,established,preserve_no_auto_head_qualification
23_actual_research_fits_no_qualified_model,source_fact,issue155_current_2026_10_07,established,no_readiness_claim
mlp_failed_all_conditions,source_fact,issue155_current_2026_10_07,established,no_readiness_claim
zero_proposals_precision_undefined,source_fact,issue155_current_2026_10_07,established,not_product_success
app_writes_zero_default_off,source_fact,issue155_current_2026_10_07,established,preserve_existing_posture
permanent_user_prohibition_of_writes,unverified_assumption,none,unsupported,do_not_invent
question_emoji_means_response_request,unverified_assumption,none,human_pending,confirm_semantics
completion_emoji_means_report,unverified_assumption,none,human_pending,confirm_semantics
one_mark_can_represent_multiple_claims,unverified_assumption,none,human_pending,confirm_catalog_behavior
task_mark_can_represent_comment_claim,unverified_assumption,none,human_pending,confirm_placement_scope
comment_author_relation_resolved,unverified_assumption,none,integration_pending,do_not_assume
whole_task_completion_proven,unverified_assumption,none,not_demonstrated,keep_fact_path_separate
post_completion_reply_reopens_task,unverified_assumption,none,unsupported,no_auto_status_derivation
native_catalog_and_owner_reader_verified,unverified_assumption,issue155_pending_integration,integration_pending,verify_read_contract
version_bound_comment_trial_unit,audit_recommendation,contract_review_v1,proposed,human_criteria_pending
speaker_team_task_reply_scope_minimum,audit_recommendation,contract_review_v1,proposed,human_criteria_pending
event_revision_body_binding_minimum,audit_recommendation,contract_review_v1,proposed,reader_contract_pending
trial_30_to_50_consecutive_comments,audit_recommendation,contract_review_v1,proposed,workflow_size_not_gate
human_model_blind_reference,audit_recommendation,rubric_v2;contract_review_v1,proposed,human_pending
independent_second_human_review,audit_recommendation,contract_review_v1,proposed_if_feasible,human_pending
text_free_logs_private_reference_storage,audit_recommendation,issue155_private_boundary;contract_review_v1,proposed,private_only
all_abstention_not_useful_success,audit_recommendation,issue155_linear_zero_proposals;contract_review_v1,proposed,report_coverage_helpfulness
option_a_frozen_text_only_shadow,audit_recommendation,contract_review_v1,proposed,no_execution_by_this_audit
option_b_context_reader_shadow,audit_recommendation,contract_review_v1,proposed,no_execution_by_this_audit
option_c_explicit_event_comparison,audit_recommendation,contract_review_v1,conditional_proposal,trusted_events_pending
new_approval_workflow_for_authorized_read_only,unverified_assumption,none,unnecessary,do_not_introduce
human_product_quality_established,unverified_assumption,none,not_demonstrated,human_pending
